"value_labels","example_label","waves_present","n_waves","n_questions","variables"
"Missing | Strongly agree | Somewhat agree | Somewhat disagree | Strongly disagree | Don't understand the question | Can't choose | Decline to answer","q49. Please tell me how you feel about the following statements. Would you say you strongly agree, somewhat agree, somewhat disagree, or strongly disagree? Most people are trustworthy?","W3, W4, W5",3,69,"W3:q49 | W3:q50 | W3:q52 | W3:q53 | W3:q54 | W3:q55 | W3:q56 | W3:q57 | W3:q58 | W3:q59 | W3:q60 | W3:q61 | W3:q62 | W3:q63 | W3:q80 | W3:q81 | W3:q82 | W3:q83 | W3:q98 | W3:q99 | W3:q100 | W3:q101 | W3:q102 | W3:q103 | W3:q104 | W3:q105 | W3:q106 | W3:q107 | W3:q133 | W3:q134 | W3:q135 | W3:q136 | W3:q137 | W3:q138 | W3:q139 | W3:q140 | W3:q141 | W3:q142 | W3:q143 | W3:q144 | W3:q145 | W3:q146 | W3:q147 | W3:q148 | W3:q141a | W3:q142a | W3:q143a | W3:q144a | W3:q145a | W3:q146a | W3:q147a | W4:q101 | W4:q102 | W4:q103 | W4:q104 | W4:q105 | W4:q106 | W4:q107 | W4:q108 | W4:q109 | W5:q108 | W5:q109 | W5:q110 | W5:q111 | W5:q112 | W5:q113 | W5:q114 | W5:q115 | W5:q116"
"Missing | Strongly agree | Agree | Disagree | Strongly disagree | Do not understand the question | Can't choose | Decline to answer","q128. Do you agree or disagree with the following statement: ""Democracy may have its problems, but it is still the best form of government.""","W3, W4, W5",3,36,"W3:q128 | W3:q152 | W3:q153 | W4:q83 | W4:q84 | W4:q85 | W4:q86 | W4:q129 | W4:q130 | W4:q131 | W4:q132 | W4:q133 | W4:q134 | W4:q135 | W4:q136 | W4:q137 | W4:q138 | W4:q139 | W4:q140 | W4:q141 | W4:q142 | W4:q143 | W4:q144 | W4:q145 | W4:q146 | W4:q147 | W4:q148 | W4:q149 | W4:q151 | W4:q152 | W4:q156 | W5:q86 | W5:q87 | W5:q88 | W5:q89 | W5:q136"
"Missing | Not applicable | Yes | No | Do not understand the question | Can't choose | Decline to answer","35. Did you attend a campaign meeting or rally?","W4, W5, W6",3,18,"W4:q35 | W4:q36 | W4:q37 | W4:q50 | W5:q35 | W5:q36 | W5:q37 | W5:q50 | W5:q51a | W5:q51b | W5:q51c | W5:q51d | W6:q51a_Facebook | W6:q51b_Twitter | W6:q51c_Instagram | W6:q51d_Youtube | W6:q51e_Tiktok | W6:q118"
"Missing | Not applicable | Strongly agree | Agree | Do not understand the question | Can't choose | Decline to answer","q74a. Do you strongly agree or just agree with the chosen statement?","W3, W4, W5",3,16,"W3:q74a | W3:q75a | W3:q76a | W3:q77a | W3:q78a | W3:q79a | W4:q79a | W4:q80a | W4:q81a | W4:q82a | W5:q82a | W5:q83a | W5:q84a | W5:q85a | W5:q156a | W5:q157a"
"Missing | Much better | A little better | About the same | A little worse | Much worse | Do not understand the question | Can't choose | Decline to answer","q2. How would you describe the change in the economic condition of our country over the last few years","W3, W4, W5",3,12,"W3:q2 | W3:q3 | W3:q6 | W4:q2 | W4:q3 | W4:q5 | W4:q6 | W5:q2 | W5:q3 | W5:q5 | W5:q6 | W5:q165"
"Missing | A great deal of influence | Some influence | Not much influence | No influence at all | Do not understand the question | Can't choose | Decline to answer","q160. How much influence does China have on our country?","W3, W4, W5",3,5,"W3:q160 | W4:q168 | W4:q170 | W5:q181 | W5:q183"
"Missing | No, nobody | Yes, a few | Yes, some | Yes, a lot | Do not understand the question | Can't choose | Decline to answer","q29. If you have a difficult problem to manage, are there people outside your household you can ask for help? (NEW)","W3, W4, W5",3,5,"W3:q29 | W3:q30 | W4:q30 | W4:q31 | W5:q31"
"Missing | Economic development is definitely more important | Economic development is somewhat more important | Democracy is somewhat more important | Democracy is definitely more important | They are both equally important | Do not understand the question | Can't choose | Decline to answer","q126. If you had to choose between democracy and economic development, which would you say is more important?","W3, W4, W5",3,3,"W3:q126 | W4:q127 | W5:q134"
"Missing | It works fine, not need to change | Needs minor change | Needs major change | Should be replaced | Do not understand the question | Can't choose | Decline to answer","q84. Compared with other systems in the world, would you say our system of government works fine as it is, needs minor change, needs major change, or should be replaced?","W3, W4, W5",3,3,"W3:q84 | W4:q87 | W5:q90"
"Missing | Not applicable | 0-4 people | 5-9 people | 10-19 people | 20-49 people | 50 or more people | Do not understand the question | Can't choose | Decline to answer","29. How many people do you have contact within a typical week day?","W4, W5, W6",3,3,"W4:q29 | W5:q28 | W6:q28"
"Missing | Not applicable | Completely free and fair | Free and fair, but with minor problems | Free and fair, with major problems | Not free or fair | Do not understand the question | Can't choose | Decline to answer","38.On the whole, how free and fair would you say the last national election was?","W4, W5, W6",3,3,"W4:q38 | W5:q38 | W6:q38"
"Missing | Not applicable | Very close | Somewhat close | Just a little close | Do not understand the question | Can't choose | Decline to answer","54. How close do you feel to (answer in q53)?","W4, W5, W6",3,3,"W4:q54 | W5:q57 | W6:q55"
"Missing | Reducing economic inequality is definitely more important | Reducing economic inequality is somewhat more important | Protecting political freedom is somewhat more important | Protecting political freedom is definitely more important | They are both equally important | Do not understand the question | Can't choose | Decline to answer","q127. If you had to choose between reducing economic inequality and protecting political freedom, which would you say is more important?","W3, W4, W5",3,3,"W3:q127 | W4:q128 | W5:q135"
"Missing | Strongly agree | Somewhat agree | Somewhat disagree | Strongly disagree | Do not understand the question | Can't choose | Decline to answer","55 For the sake of the family, the individual should put his personal interests second.","W4, W5",2,52,"W4:q55 | W4:q56 | W4:q57 | W4:q58 | W4:q59 | W4:q60 | W4:q61 | W4:q62 | W4:q63 | W4:q64 | W4:q65 | W4:q66 | W4:q67 | W4:q68 | W5:q23 | W5:q58 | W5:q59 | W5:q60 | W5:q61 | W5:q62 | W5:q63 | W5:q64 | W5:q65 | W5:q66 | W5:q67 | W5:q68 | W5:q69 | W5:q137 | W5:q138 | W5:q139 | W5:q140 | W5:q141 | W5:q142 | W5:q143 | W5:q144 | W5:q145 | W5:q146 | W5:q147 | W5:q148 | W5:q149 | W5:q150 | W5:q151 | W5:q152 | W5:q153 | W5:q154 | W5:q155 | W5:q168 | W5:q169 | W5:q170 | W5:q171 | W5:q172 | W5:q173"
"Missing | Not applicable | I have done this more than three times | I have done this two or three times | I have done this once | I have not done this, but I might do it if something important happens in the future | I have not done this and I would not do it regardless of the situation | Do not understand the question | Can't choose | Decline to answer","70 In the past three years, have you ever contacted elected officials or legislative representatives at any level","W5, W6",2,17,"W5:q70 | W5:q71 | W5:q72 | W5:q73 | W5:q74 | W5:q75 | W5:q76 | W5:q77 | W5:q78 | W5:q79 | W5:q80 | W6:q72 | W6:q73 | W6:q74 | W6:q75 | W6:q76 | W6:q77"
"Missing | Completely Undemocratic | 2 | 3 | 4 | 5 | 6 | 7 | 8 | 9 | Completely democratic | Don't understand the question | Can't choose | Decline to answer","94 Where would you place our country under the present government?","W4, W5",2,14,"W4:q94 | W4:q95 | W4:q96 | W4:q121 | W4:q122 | W4:q123 | W4:q124 | W5:q101 | W5:q102 | W5:q103 | W5:q128 | W5:q129 | W5:q130 | W5:q131"
"Missing | Not applicable | Very positive | Positive | Somewhat positive | Somewhat negative | Negative | Very negative | Do not understand the question | Can't choose | Decline to answer","q161. General speaking, the influence China has on our country is?","W3, W6",2,6,"W3:q161 | W6:q175 | W6:q177 | W6:q178 | W6:q182 | W6:q184"
"Missing | Not applicable | Much more good than harm | Somewhat more good than harm | Somewhat more harm than good | Much more harm than good | Do not understand the question | Can't choose | Decline to answer","q157. Does (answer in Q156) do more good or harm to the region? Ask Q157a if the answer in Q156 is not China, otherwise skip to Q158","W3, W6",2,5,"W3:q157 | W3:q157a | W3:q157b | W6:q174 | W6:q176"
"Missing | Hardly anyone is involved | Not a lot of officials are corrupt | Most officials are corrupt | Almost everyone is corrupt | Do not understand the question | Can't choose | Decline to answer","117 How widespread do you think corruption and bribe-taking are in your local/municipal government?","W4, W5",2,4,"W4:q117 | W4:q118 | W5:q124 | W5:q125"
"Missing | Much more good than harm | Somewhat more good than harm | Somewhat more harm than good | Much more harm than good | Do not understand the question | Can't choose | Decline to answer","164 Does the United States do more good or harm to the region?","W4, W5",2,4,"W4:q164 | W4:q165 | W5:q175 | W5:q177"
"Missing | Not applicable | Strongly disagree | Disagree | Agree | Strongly agree | Do not understand the question | Can't choose | Decline to answer","156_1 Our country should do more to learn from other countries(q156+q156a)","W5, W6",2,4,"W5:q156_1 | W5:q157_1 | W6:q156_1 | W6:q157_1"
"Missing | Very good | Good | So-so [not good nor bad] | Bad | Very bad | Do not understand the question | Can't choose | Decline to answer","1. How would you rate the overll economic condition of our country today?","W4, W5",2,4,"W4:q1 | W4:q4 | W5:q1 | W5:q4"
"Missing | Very positive | Positive | Somewhat positive | Somewhat negative | Negative | Very negative | Do not understand the question | Can't choose | Decline to answer","169 General speaking, the influence China has on our country is?","W4, W5",2,4,"W4:q169 | W4:q171 | W5:q182 | W5:q184"
"Missing | Very capable | Capable | Not capable | Not at all capable | Do not understand the question | Can't choose | Decline to answer","114 To what extent is the legislature capable of keeping government leaders in check?","W4, W5",2,3,"W4:q114 | W5:q120 | W5:q123"
"Missing | A good deal | Quite a lot | Not much | Not at all | Do not understand the question | Can't choose | Decline to answer","116 How much do you feel that having elections makes the government pay attention to what the people think?","W4, W5",2,2,"W4:q116 | W5:q122"
"Missing | Democracy is always preferable to any other kind of government | Under some circumstances, an authoritarian government can be preferable to a democratic one | For people like me, it does not matter whether we have a democratic or nondemocratic regime | Do not understand the question | Can't choose | Decline to answer","125 Which of the following statements comes closest to your own opinion?","W4, W5",2,2,"W4:q125 | W5:q132"
"Missing | Democracy is capable of solving the problems of our society | Democracy cannot solve our society`s problems | Do not understand the question | Can't choose | Decline to answer","126 Which of the following statements comes closer to your own view?","W4, W5",2,2,"W4:q126 | W5:q133"
"Missing | Democracy is completely unsuitable | 2 | 3 | 4 | 5 | 6 | 7 | 8 | 9 | Democracy is perfectily suitable | Don't understand the question | Can't choose | Decline to answer","97 Whether you think democracy is suitable for our country","W4, W5",2,2,"W4:q97 | W5:q104"
"Missing | Everyday | Several times a week | Once or twice a week | Not even once a week | Practically never | Do not understand the question | Can't choose | Decline to answer","45. How often do you follow news about politics and government?","W4, W5",2,2,"W4:q45 | W5:q47"
"Missing | Frequently | Occationally | Never | Do not understand the question | Can't choose | Decline to answer","46. When you get together with your family members or friends, how often do you discuss political matters","W4, W5",2,2,"W4:q46 | W5:q48"
"Missing | Government leaders implement what voters want. | Government leaders do what they think is best for the people. | Do not understand the question | Can't choose | Decline to answer","79. Which of the following statements do you agree with most?","W4, W5",2,2,"W4:q79 | W5:q82"
"Missing | It is doing its best | It is doing something | It is not doing much | Doing nothing | Do not understand the question | Can't choose | Decline to answer","q118. In your opinion, is the government working to crack down on corruption and root out bribery?","W3, W4",2,2,"W3:q118 | W4:q119"
"Missing | It would be serious, and we would have difficulty coping | It would be serious, but we could deal with it | We could manage just fine | Do not understand the question | Can`t choose | Decline to answer","158 The following is a hypothetical question: If you were unfortunate enough to lose your main source of income, how serious would it be for you and your family?","W4, W5",2,2,"W4:q158 | W5:q162"
"Missing | Not applicable (eligible only once) | Voted in every election | Voted in most elections | Voted in some elections | Hardly ever voted | Do not understand the question | Can't choose | Decline to answer","78 Thinking of whether you voted or not ever since you became eligible for voting, how would you describe yourself?","W4, W5",2,2,"W4:q78 | W5:q81"
"Missing | Political leaders are chosen by the people through open and competitive elections | Political leaders are chosen on the basis on their virtue and capability even without election | Do not understand the question | Can't choose | Decline to answer","82. which of the following statements do you agree with most?","W4, W5",2,2,"W4:q82 | W5:q85"
"Missing | Substantially more opportunities | More opportunities | About the same | Fewer opportunities | Substantially fewer opportunities | Do not understand the question | Can't choose | Decline to answer","160 As compared to my parent's generation, my generation has more or fewer opportunities to improve one's standard of living or social status?","W4, W5",2,2,"W4:q160 | W5:q164"
"Missing | The media should have the right to publish news and ideas without government control | The government should have the right to prevent the media from publishing things that might be politically destabilizing | Do not understand the question | Can't choose | Decline to answer","81. which of the following statements do you agree with most?","W4, W5",2,2,"W4:q81 | W5:q84"
"Missing | Very close | Close | Not very close | Not close at all | Do not understand the question | Can't choose | Decline to answer","172 How close do you feel to ASEAN? (ASEAN countries only)","W4, W5",2,2,"W4:q172 | W5:q186"
"Missing | Very fair | Fair | Unfair | Very unfair | Do not understand the question | Can`t choose | Decline to answer","155 How fair do you think income distribution is in the country?","W4, W5",2,2,"W4:q155 | W5:q159"
"Missing | Very hard | A bit hard | Not too hard | Not hard at all | Do not understand the question | Can't choose | Decline to answer","32 If you had friends or co-workers whose opinions on politics differed from yours, would you have a hard time conversing with them?","W4, W5",2,2,"W4:q32 | W5:q32"
"Missing | Very interested | Somewhat interested | Not very interested | Not at all interested | Do not understand the question | Can't choose | Decline to answer","44. How interested would you say you are in politics?","W4, W5",2,2,"W4:q44 | W5:q46"
"Missing | Very safe | Safe | Unsafe | Very unsafe | Do not undertstand the question | Can't choose | Decline to answer","43. How safe is living in this city/ town/ village","W4, W5",2,2,"W4:q43 | W5:q45"
"Missing | Very satisfied | Fairly satisfied | Not very satisfied. | Not at all satisfied. | Do not understand the question | Can't choose | Decline to answer","92 On the whole, how satisfied or dissatisfied are you with the way democracy works in the country?","W4, W5",2,2,"W4:q92 | W5:q99"
"Missing | Very satisfied | Somewhat satisfied | Somewhat dissatisfied | Very dissatisfied | Do not understand the question | Can't choose | Decline to answer","98 How satisfied or dissatisfied are you with the current government?","W4, W5",2,2,"W4:q98 | W5:q105"
"Missing | Very willing | Willing | Not willing | Not willing at all | Do not understand the question | Can't choose | Decline to answer","162 Given the chance, how willing would you be to go and live in another country","W4, W5",2,2,"W4:q162 | W5:q167"
"Missing | Yes | No | Do not understand the question | Can't choose | Decline to answer","47. Do you have Internet access at home?","W4, W5",2,2,"W4:q47 | W5:q127"
"Strongly agree | Somewhat agree | Somewhat disagree | Strongly disagree | Do not understand the question | Can't choose | Decline to answer","Even if parents' demands are unreasonable, children still should do what they ask","W2",1,47,"W2:q56 | W2:q57 | W2:q58 | W2:q59 | W2:q60 | W2:q61 | W2:q62 | W2:q63 | W2:q64 | W2:q65 | W2:q70 | W2:q71 | W2:q72 | W2:q73 | W2:q74 | W2:q75 | W2:q76 | W2:q77 | W2:q78 | W2:q103 | W2:q104 | W2:q105 | W2:q106 | W2:q107 | W2:q108 | W2:q109 | W2:q110 | W2:q111 | W2:q127 | W2:q128 | W2:q129 | W2:q130 | W2:q131 | W2:q133 | W2:q134 | W2:q135 | W2:q136 | W2:q137 | W2:q138 | W2:q139 | W2:q140 | W2:q141 | W2:q142 | W2:q143 | W2:q144 | W2:q145 | W2:q146"
"Missing | Not applicable | Strongly agree | Somewhat agree | Somewhat disagree | Strongly disagree | Do not understand the question | Can't choose | Decline to answer","23 Do you agree with the statement that 'most people are trustworthy?'","W6",1,27,"W6:q23 | W6:q56 | W6:q57 | W6:q58 | W6:q59 | W6:q60 | W6:q61 | W6:q62 | W6:q63 | W6:q64 | W6:q65 | W6:q66 | W6:q67 | W6:q99 | W6:q100 | W6:q101 | W6:q102 | W6:q103 | W6:q104 | W6:q105 | W6:q106 | W6:q107 | W6:q133 | W6:q134 | W6:q135 | W6:q136 | W6:q137"
"None at all | Not Very Much Trust | Quite a Lot of Trust | A Great Deal of Trust | Do not understand the question | Can't choose | Decline to answer","Trust in Prime Minister or president","W2",1,16,"W2:q7 | W2:q8 | W2:q9 | W2:q10 | W2:q11 | W2:q12 | W2:q13 | W2:q14 | W2:q15 | W2:q16 | W2:q17 | W2:q18 | W2:q19 | W2:q24 | W2:q25 | W2:q26"
"Missing | Not applicable | A great deal of trust | Quite a lot of trust | Not very much trust | None at all | Do not understand the question | Can't choose | Decline to answer","7 Trust in the excutive office (president or prime minister)","W6",1,15,"W6:q7 | W6:q8 | W6:q9 | W6:q10 | W6:q11 | W6:q12 | W6:q13 | W6:q14 | W6:q15 | W6:q16 | W6:q17 | W6:q24 | W6:q25 | W6:q26 | W6:q27"
"Missing | Trust fully | Trust a lot | Trust somewhat | Distrust somewhat | Distrust a lot | Distrust fully | Do not understand the question | Can't choose | Decline to answer","7 Trust in the excutive office (president or prime minister)","W5",1,15,"W5:q7 | W5:q8 | W5:q9 | W5:q10 | W5:q11 | W5:q12 | W5:q13 | W5:q14 | W5:q15 | W5:q16 | W5:q17 | W5:q24 | W5:q25 | W5:q26 | W5:q27"
"Missing | Not applicable | Strongly agree | Somewhat agree | Somewhat disagree | Strongly disagree | Don't understand | Can't choose | Decline to answer","146 I have here other statements: Women should not be involved in politics as much as men","W6",1,14,"W6:q146 | W6:q147 | W6:q148 | W6:q149 | W6:q150 | W6:q151 | W6:q152 | W6:q153 | W6:q154 | W6:q155 | W6:q168 | W6:q169 | W6:q170 | W6:q171"
"Missing | A great deal of trust | Quite a lot of trust | not very much trust not very much trust | None at all | Do not understand the question | Can't choose | Decline to answer","q7. I'm going to name a number of institutions. For each one, please tell me how much trust do you have in them? The president","W3",1,13,"W3:q7 | W3:q8 | W3:q9 | W3:q10 | W3:q11 | W3:q12 | W3:q13 | W3:q14 | W3:q15 | W3:q16 | W3:q17 | W3:q18 | W3:q19"
"Mssing | A great deal of trust | Quite a lot of trust | Not very much trust | None at all | Do not understand the question | Can't choose | Decline to answer","7 Trust in the excutive office (president or prime minister)","W4",1,13,"W4:q7 | W4:q8 | W4:q9 | W4:q10 | W4:q11 | W4:q12 | W4:q13 | W4:q14 | W4:q15 | W4:q16 | W4:q17 | W4:q18 | W4:q19"
"Missing | I have done this more than once | I have done this once | I have never done this. | Do not understand the question | Can't choose | Decline to answer","69 In the past three years, have you ever contacted elected officials or legislative representatives at any level-3 categories","W4",1,9,"W4:q69 | W4:q70 | W4:q71 | W4:q72 | W4:q73 | W4:q74 | W4:q75 | W4:q76 | W4:q77"
"Missing | I have done this more than once | I have done this once | I have not done this, but I might do it if something important happens in the future | I have not done this and I would not do it regardless of the situation | Do not understand the question | Can't choose | Decline to answer","69a In the past three years, have you ever contacted elected officials or legislative representatives at any level-4 categories","W4",1,9,"W4:q69a | W4:q70a | W4:q71a | W4:q72a | W4:q73a | W4:q74a | W4:q75a | W4:q76a | W4:q77a"
"Missing | Never Done | Once | More than once | Can't choose | Decline to answer","q64. In the past three (3) years, have you never, once, or more than once done the following because of personal, family, or neighborhood problems, or problems with government officials and policies?Contacted elected officials or legislative representativ","W3",1,9,"W3:q64 | W3:q65 | W3:q66 | W3:q67 | W3:q68 | W3:q69 | W3:q70 | W3:q71 | W3:q72"
"Missing | Do not understand the question | Can't choose | Decline to answer","q91. Here is a scale: 1 means completely undemocratic and 10 means completely democratic. Where would you place our country under the present government?","W3",1,8,"W3:q91 | W3:q92 | W3:q93 | W3:q94 | W3:q120 | W3:q121 | W3:q122 | W3:q123"
"Not applicable | Yes | No | Can't choose | Decline to answer","Main source of information. Question 51.01 Television","W2",1,8,"W2:q51_1 | W2:q51_2 | W2:q51_3 | W2:q51_4 | W2:q51_5 | W2:q51_6 | W2:q51_7 | W2:q51_8"
"Missing | Definitely not an essential characteristic of democracy | 2 | 3 | 4 | 5 | 6 | 7 | 8 | 9 | Definitely an essential characteristic of democracy | Do not understand the question | Can't choose | Decline to answer","91 The courts protects the ordinary people from the abuse of government power","W5",1,7,"W5:q91 | W5:q92 | W5:q93 | W5:q94 | W5:q95 | W5:q96 | W5:q97"
"Missing | Not applicable | Completely undemocratic | Completely democratic | Do not understand the question | Can't choose | Decline to answer","92 Where would you place our country under the present government?","W6",1,7,"W6:q92 | W6:q93 | W6:q94 | W6:q120 | W6:q121 | W6:q122 | W6:q123"
"Missing | Not applicable | Yes | No | Do not understand the question | Can’t choose | Decline to answer","q51f Messenger","W6",1,7,"W6:q51f_Messenger | W6:q51g_Telegram | W6:q51h_Line | W6:q51i_Whatsapp | W6:q51j_Snapchat | W6:q51k_Vchat | W6:q51l_Tumblr"
"Missing | Not applicable | Yes | No | Don't know | Decline to answer","119a Did you personally witness it or were you told about it by a family member or friend who personally witnessed? Personally witnessed","W6",1,7,"W6:q119a | W6:q119b | W6:q119c | W6:q139a | W6:q139b | W6:q139c | W6:q139d"
"Not applicable | No | Yes | Can't choose | Decline to answer","Have you been a victim of pick-pocketing/robbery of personal property?","W2",1,7,"W2:q35 | W2:q36 | W2:q37 | W2:q38 | W2:q40 | W2:q41 | W2:q42"
"Very Bad | ... | ... | ... | ... | ... | ... | ... | ... | Very Good | Not applicable | Do not understand the question | Can't choose | Decline to answer","Impression: The European Community or European Union","W2",1,7,"W2:q160 | W2:q161 | W2:q162 | W2:q163 | W2:q164 | W2:q165 | W2:q166"
"Missing | Not applicable | Very easy | Easy | Difficult | Very difficult | Never tried | Do not understand the question | Can't choose | Decline to answer","39 How easy or difficult to obtain roads in good condition","W5",1,6,"W5:q39 | W5:q40 | W5:q41 | W5:q42 | W5:q43 | W5:q44"
"Strongly agree | Somewhat agree | Somewhat disagree | Strongly disagree | Not agree nor disagree | Do not understand the question | Can't choose | Decline to answer","These people should have the equal right to do whatever they want to do as other citizens","W2",1,6,"W2:q148 | W2:q149 | W2:q150 | W2:q151 | W2:q152 | W2:q153"
"Missing | Not applicable | Always | Sometimes | Never | Don't know | Decline to answer","143aWhen there is a public health challenge like the coronavirus, is it justifiable for the government to postpone elections?","W6",1,5,"W6:q143a | W6:q143b | W6:q143c | W6:q143d | W6:q143e"
"Missing | Not applicable | Strongly agree | Agree | Disagree | Strongly disagree | Do not understand the question | Can't choose | Decline to answer","80  Over the long run, our system of government is capable of solving the problems our country faces.","W6",1,5,"W6:q80 | W6:q81 | W6:q82 | W6:q83 | W6:q128"
"Missing | Not applicable | Very easy | Easy | Difficult | Very difficult | Do not understand the question | Can't choose | Decline to answer | Have not tried using this service","41 How easy or difficult to obtain public transportation","W6",1,5,"W6:q41 | W6:q42 | W6:q43 | W6:q44 | W6:q45"
"Missing | Not applicable | Very justified | Somewhat justified | Not very justified | Not at all justified | Don't know | Decline to answer","172a Which circumstance would justify the governments's use of emergency powers to costrain rights and freedom: A public health crisis like the Covid-19 pandemic","W6",1,5,"W6:q172a | W6:q172b | W6:q172c | W6:q172d | W6:q172e"
"Once | More than once | Never | No answer | Can't choose | Decline to answer","Contacted officials at higher level","W2",1,5,"W2:q80 | W2:q81 | W2:q82 | W2:q86 | W2:q87"
"0 rejection | 1 acceptance/others","strong leader","W3",1,4,"W3:q129a | W3:q130a | W3:q131a | W3:q129a_q131a"
"Missing | All responsibility | Most of the responsibility | Some responsibility | No responsibility | Do not understand the question | Can`t choose | Decline to answer","160a It is the responsibility of the government to narrow the gap between the rich and the poor","W5",1,4,"W5:q160a | W5:q160b | W5:q160c | W5:q160d"
"Missing | Always | Most of the time | Sometimes | Rarely | Do not understand the question | Can't choose | Decline to answer","110 Do officials who commit crimes go unpunished?","W4",1,4,"W4:q110 | W4:q111 | W4:q112 | W4:q113"
"Missing | Always | Most of the time | Sometimes | Rarely | Don't understand the question | Can't choose | Decline to answer","q108. Do officials who commit crimes go unpunished?","W3",1,4,"W3:q108 | W3:q109 | W3:q110 | W3:q111"
"Missing | Not applicable | All | Most | Some | None | Don't understand | Can't choose | Decline to answer","160a Narrow the gap between the rich and the poor","W6",1,4,"W6:q160a | W6:q160b | W6:q160c | W6:q160d"
"Missing | Not applicable | Often | Sometimes | Seldom | Never | Do not understand the question | Can't choose | Decline to answer","52a How often do you use social media to talk to or to connect with other people?","W6",1,4,"W6:q52a | W6:q52b | W6:q52c | W6:q52d"
"Missing | Not applicable | Political parties | Residential & community associations | Religious groups | Sports/ recreational clubs | Culture organizations | Charities | Public interest groups | Labor unions | Farmer unions or agricultural associations | Professional organizations | Business associations | Parent-Teacher Associations o PTA | Producer cooperatives | Consumer cooperatives | ALUMNI ASSOCIATIONS | Candidate support organizations | Other occupational organizations | Other volunteer organizations | Student Associations | Hometown/clan/peer-group/mutual assistance associations | Others | Not a member of any organization or group | Do not understand the question | Can’t choose | Decline to answer | Others, specify","18 Name of the organization you belong to. First","W6",1,4,"W6:q18 | W6:q19 | W6:q20 | W6:q21"
"Missing | Not applicable | Political parties | Residential & community associations | Religious groups | Sports/recreational clubs | Culture organizations | Charities | Public interest groups | Labor unions | Farmer unions or agricultural associations | Professional organizations | Business associations | Parent-Teacher associations or PTA | Producer cooperatives | Consumer cooperatives | Alumni associations | Candidate support organizations | Other occupational organizations | Other volunteer organizations | Student Associations | Hometwon/clan/peer-group/mutual assistance associations/tribal community | Not a member of any organization or group | Do not understand the question | Can't choose | Decline to answer","18. Name of the organization you belong to. First","W5",1,4,"W5:q18 | W5:q19 | W5:q20 | W5:q21"
"Missing | Not applicable | Strongly approve | Approve | Disapprove | Strongly disapprove | Don't understand the question | Can't choose | Decline to answer","129 We should get rid of parliament and elections and have a strong leader to decide things.","W6",1,4,"W6:q129 | W6:q130 | W6:q131 | W6:q132"
"Missing | Not applicable | Very difficult | Difficult | Easy | Very easy | Never tried | Do not understand the question | Can't choose | Decline to answer","39. How easy or difficult to obtain an identity document service","W4",1,4,"W4:q39 | W4:q40 | W4:q41 | W4:q42"
"Missing | Strongly approve | Somewhat approve | Somewhat disapprove | Strongly disapprove | Don't understand the question | Can't choose | Decline to answer","q129. There are many ways to govern a country. Would you disapprove or approve of the following alternatives? For each statement, would you say you strongly approve, approve, disapprove, or strongly disapprove? We should get rid of parliament and election","W3",1,4,"W3:q129 | W3:q130 | W3:q131 | W3:q132"
"Missing | Very Difficult | Difficult | Easy | Very Easy | Never Tried | Can't choose | Decline to answer","q38. Based on your experience, how easy or difficult is it to obtain the following services?  Or have you never tried to get these services from government?  An identity document (such as a birth certificate or passport)","W3",1,4,"W3:q38 | W3:q39 | W3:q40 | W3:q41"
"Not applicable | Very Difficult | Difficult | Easy | Very Easy | Never Try | Can't choose | Decline to answer","How easy is it to obtain: An identity document","W2",1,4,"W2:q44 | W2:q45 | W2:q46 | W2:q47"
"Yes | No | Decline to answer","Relation: The European Community or European Union","W2",1,4,"W2:q156 | W2:q157 | W2:q158 | W2:q159"
"Complete Dictatorship | ... | ... | ... | ... | ... | ... | ... | ... | Complete Democracy | Do not understand the question | Can't choose | Decline to answer","Where would you place our country during the period of [the name of the most recent government under authoritarian rule]?","W2",1,3,"W2:q95 | W2:q96 | W2:q97"
"Don't understand the question | Unclassifiable | No substance in answer | Don't know | No Response | Interpreting democracy in generic (populist) terms | Popular sovereignty | Government of the people | Government by the People | People as their own master | Power of the people | Government for the People | Putting people's interest first | Care for people | Responsive to people's need | Governing in the interest of general welfare | Absence of non-democratic arrangements | No dictator | No repression | Interpreting a democracy in terms of some key elements of li | Limited Government | Freedom and civil liberty | Freedom in general | Freedom of speech/press/expression | Freedom of association | Political liberty | Protection of individual/human rights | Freedom from government repression | Freedom of participation | Freedom of belief (and religion) | Freedom of individual choice | Freedom of information | Political Equality | One man one vote | Equality before the law/justice | Non discrimination | Democratic Institutions and Process | Election, popular vote or electoral choice | Electing leaders with integrity and capacity | Parliament | Separation of power or check-and-balance | Competitive party system | Power rotation | Rule of law | Independent judicial | Majority rule | Respect for minority rights | Political accountability | Participation and Citizen Empowerment | Ability to select or change government | Voting | Direct participation | Demonstration | Voice one's concern | Plebiscite (referendum) | Social Pluralism and Civil Society | Open society | Pluralist society | Responsible media | Interpreting democracy in terms of social and economic syste | Free Economy | Free market | Private properties/ownership | Free and fair competition | Personal economic opportunities | No central planning | Low tax | Privatization | Small government | Equality, Justice or Fraternity | Social equality | Social justice | Fraternity | Equality of opportunities | Social rights or social entitlements | Welfare state | Socialism | Worker participation | Gender equality | Socio-Economic Performance | Solve unemployment | Find anyone a job | Providing social welfare (or social safety net) | Taking good care of the weak | Taking care of people's economic well-being | Provision of happy and prosperous life | Improvement of people's welfare | Stable economy (economic stability) | Small income gap (small gap between the rich and the poor) | Economic development | Interpreting democracy in terms of good government | Good Governance | Honest government | Responsible (or rational) government | Openness or transparent government | Responsive government (listening to people, respecting publi | Fair treatment | Efficiency or can-do (can deliver) | No waste | No corruption | Law-biding government (rule by law) | Social stability | Law and order | Reform in General | Political reform | Economic reform | Leadership | Public-spirited (selfish-less) leaders | Visionary (long-term oriented) leaders | Ability to make necessary (and sometimes unpopular) decision | Political elite should decide for the mass | Government leaders should lead the people | More younger leaders to replace the old faces | Development of elite | Competent leadership | Policy making with public opionion | Good paternalistic government | Policy making by hearing people's opionion | Interpreting democracy in term of individual behaviors | Democratic Style | Communication | Compromise | Rational | Tolerance | Taking into account all parties concerned | Freedom within legal limits | Respect for others' rights | No extremism | Follow principles | Duties | Citizen duties | Action within the limits of law | Law-binding | Individualism | Respect for individual privacy | Independence | Self-reliance | Having one's own views | Self-responsibility | Responsibility for one's own action/decision | Fight for one's own interests | Self dignity (self-esteem) | Trust | Interpreting democracy in other broad and abstract terms | Political System | Governmental institution | Decentralization (local self-government) | Nationalism and Statism | Better country | Wealthy state | National independence | Individual less important than nation | Putting national interest above partisan interests | National Security | Stable and Cohesive Society | Good society | Patriotism | Solidarity | Harmony | No chaos, anarchy or disorder | Collective (group) interest is more important than individua | Other Lofty Elements | World peace | The commonwealth of the world | Ethnicity | Political indiginization (the native rule) | Ethnic cleavage (or tension) | Democratic Centralism | Conditions or Prerequisites for Democracy | Gradualism | Incremental | It takes time | No radicalism | Prerequisites | Democratic aptitude of citizens | Citizen's sophistication | Economic condition | Level of education | Fit our country's own conditions | Evaluation of Democracy or Democratic Regime | Positive Appraisal of Democracy in General | The best or the better | Progressive | Universal acceptance | Global trend | Negative Appraisal of Democracy in General | Corrupt | Inefficient | Unstable, chaotic, anarchy | Conflict | Lead to injustice | Obstruct economic development | Place too much on individual interests | The worst system | Does not exist | We cannot have democracy | Government ignore people’s need | Manipulation by politicians | Loss of freedom | Serve government's interest | The rich and the powerful dominate | Too much Freedom | Poverty is growing | Positive Appraisal of One's Own Country's Democracy | Negative Appraisal of One's Own Country's Democracy | Reference or Cognitive Association | Country reference | Like United States, United Kingdom, Japan, etc. | Not like North Korea, etc | Political figures (e.g., Sun Yet-sun, Lee Teng-hui, Abraham | Political parties or groups (e.g., DPP, KMT, etc) | Other associations (state, politics, society)","To you, what does ""democracy"" mean?  What else?","W2",1,3,"W2:q91_1 | W2:q91_2 | W2:q91_3"
"Missing | (Women) within this Paradigm but no clear answer | Economy, economic growth, economic development | Lack of jobs, unemployment, the need to create new jobs | Skill training | Lack of Industry, industrialization | Price rise, high fuel prices | Economic inequality, increasing gap between rich and poor | Wages/salaries/pensions/income related | Poverty, neglect of poor | Hunger, starvation, Lack of food and Nutrition | GST | Demonetization | Development/vikaas(generally) | Lacks of development | Good governance/good delivery of services | Poor governance/poor delivery of services | Condition of roads/highways | Transport services - buses, trains, flights | Condition of hospitals/health facilities/healthcare/doctors | Condition of schools or colleges/education/educational facilities/fees | Electricity-related problem | Water-related problem | Condition of drains/sewerage problem | Good performance of the government | Poor performance by the government | Vote for change, change of government | Vote for stability, bringing back the government | Vote for Modi or BJP, bringing Modi or BJP back | Vote against Modi or BJP, throwing Modi or BJP out | Vote for Rahul Gandhi/Priyanka Gandhi/Sonia Gandhi/Congress leader/Congress | Vote against Rahul Gandhi/Priyanka Gandhi/Sonia Gandhi/Congress leader/Congress | Vote in favour of any other party or leader | Vote against any other party or leader | Vote against a coalition government | Vote for a coalition government | Vote for a candidate/any particular candidate | Corruption (generally) | Corrupt politicians | Corruption of government officers | Scams (generally) | Rafale aircraft scam | PNB/Nirav Modi Scam | Robert Vadra property issue | Agusta Westland issue | Farmer or farming problems (generally) | Low price for crops, produce/MSP / payment not on time | Lack of irrigation facilities | Rural distress/agricultural crisis | Debt due to agriculture/loan waiver | Stray cattle issue/cows eating the crop | Other agricultural problems | Any welfare scheme of the Central government (Ujjwala, Jan Arogya) | Any welfare scheme of the State government | MNREGA | Government subsidies | Money from government in bank account | Housing/shelter | Religious identity/protection of my religion | Caste identity/protection of my caste | Regional/state/linguistic identity/protecting regional culture | Hindutva | Cow protection/cow slaughter issue | Mob lynchings | Casteism | Communalism, secularism | Appeasement of Muslims | Neglect of Muslims | Ayodhya issue/Ram Mandir-Babri masjid | SCST Act issue | Pakistan related/surgical strike/cross-border terror/Pulwama attack | Terrorism | Naxalism/Maoism | Nationalism/patriotism | Reservation/demand for reservation | 10% quota for EWS announced by the government | Citizenship Bill | Article 370/Kashmir issue | Religious conversion | Population Control | Environmental degradation/protection of environment | Climate Change | Pollution/Air Quality | Wildlife protection | Women's safety/rape/sexual harassment/crimes against women | Discrimination against women | Foreign policy | Threat from China | Improving India's image in the world | Natural calamities - floods, drought | National Security | (Development) within this Paradigm but no clear answer | (Government performance) within this Paradigm but no clear answer | (Political) within this Paradigm but no clear answer | (Agriculture) within this Paradigm but no clear answer | (Welfare) within this Paradigm but no clear answer | (Identity and emotive issues) within this Paradigm but no clear answer | (Environment) within this Paradigm but no clear answer | Any other issue not mentioned above | No response | N.A. | (Economy)Within this Paradigm but no clear answer","106c:(India only) In your opinion, what are the most important problems facing this country that government should address? (1st response)","W5",1,3,"W5:Q106c | W5:Q106d | W5:Q106e"
"Missing | A great deal of Trust | Quite a lot of Trust | Not very much Trust | None at all | Do not understand | Can't choose | Decline to answer","q25. How much trust do you have in each of the following types of people?   Your relatives","W3",1,3,"W3:q25 | W3:q26 | W3:q27"
"Missing | A great deal of trust | Quite a lot of trust | Not very much trust | None at all | Do not understand the question | Can't choose | Decline to answer","26. How much do you trust your relatives?","W4",1,3,"W4:q26 | W4:q27 | W4:q28"
"Missing | Always | Most of the time | Sometimes | Rarely | Never | Do not understand the question | Can't choose | Decline to answer","117 How often do government officials withhold important information from the public?","W5",1,3,"W5:q117 | W5:q118 | W5:q119"
"Missing | Not applicable | Have done this more than three times | Have done this two or three times | Have done this once | Have not done this, but might do it if something important h | Have not done this and would not do it regardless of the sit | Do not understand the question | Can't choose | Decline to answer","69  Contacted civil servants or officials","W6",1,3,"W6:q69 | W6:q70 | W6:q71"
"Missing | Not applicable | Much better | A little better | About the same | A little worse | Much worse | Do not understand the question | Can't choose | Decline to answer","2 How would you describe the change in the economic condition of our country over the last few years?","W6",1,3,"W6:q2 | W6:q3 | W6:q6"
"Missing | Not applicable | Political parties | Residential & community associations | Religious groups | Sports/recreational clubs | Culture organizations | Charities | Public interest groups | Labor unions | Farmer unions or agricultural associations | Professional organizations | Business associations | Parent-Teacher associations | Producer cooperatives | Consumer cooperatives | Alumni associations | Candidate support organizations | Other occupational organizations | Other volunteer organizations | Student Associations | Mutual assistance associations | Other | Not a member of any organization or group | Do not understand the question | Can't choose | Decline to answer","20. Name of the organization you belong to. First","W4",1,3,"W4:q20 | W4:q21 | W4:q22"
"Missing | Not applicable | Trust fully | Trust a lot | Trust somewhat | Distrust somewhat | Distrust a lot | Distrust fully | Do not understand the question | Can't choose | Decline to answer","53 How much trust do you have in each of the following types of media?Television","W5",1,3,"W5:q53 | W5:q54 | W5:q55"
"Missing | Not applicable | Yes | No | Can't choose | Decline to answer","q34. Thinking about the national election in [year], did you attend a campaign meeting or rally?","W3",1,3,"W3:q34 | W3:q35 | W3:q36"
"Missing | Not applicable | Yes | No | Can't choose | Do not know","127a_1 Did you personally witness it or were you told about it by a family member or friend who personally witnessed? personally witnessed","W5",1,3,"W5:q127a_1 | W5:q127a_2 | W5:q127a_3"
"Missing | Not applicable | Yes | No | Do not understand the question | Can't choose | Decline to answer | Can't remember | Not yet eligible to vote","35 Did you attend a campaign meeting or rally in the last national election?","W6",1,3,"W6:q35 | W6:q36 | W6:q37"
"Missing | Not applicable | Yes | No | N/o one I know has personally witnessed | Do not understand | Can't choose | Decline to answer","119_1 Personally witnessed","W3",1,3,"W3:q119_1 | W3:q119_2 | W3:q119_3"
"Much worse | A little worse | About the same | A little better | Much better | Can't choose | Decline to answer","How would you describe the change in the economic condition of our country over the last years?","W2",1,3,"W2:q2 | W2:q3 | W2:q6"
"No answer | Economics | Management of the economy, economic development | Wages, incomes and salaries (or income gap) , pension | Unemployment | Poverty and destitution | Rates and taxes | Loans, credit, debt | Land privatization | Inflation | International Trade, globalization | Basic necessities (price of rice, fuel, spicy. etc) | Food / Agriculture / Environment | Farming/ agriculture/ fishing/ Animal husbandry | Food shortage/famine | Natural disaster (drought, flood, earthquake, hurricane, etc | Land | Environment | Natural resources | Infrastructure | Transportation | Communications | Infrastructure / roads | Government Services | Education, educational fee | Science and technology | Housing | Electricity | Water supply | Orphans/street children/homeless children | Social security, social welfare | Services (other) | Health | Health (medical care) | AIDS (and other transmissible diseases) | Sickness / Disease | Public health, hygiene | Food and drug safety | Governance | Crime and Security | Corruption | Political violence | Political instability/political divisions/ ethnic tensions | Discrimination/ inequality | Gender issues/women's rights, children's rights | Democracy/political rights, protection of rights | Malfunction of political institutions | Government efficiency | Constitution | Budget deficit | Judiciary | Administrative procedure | Public service independence from politics | Irresponsible leader/government | General Social and Political Conditions | Immigration | Social anomaly (suicide, divorce, moral breakdown) | Aging population, fewer children | Growth of population | Cultural problems under social change | Religion problem | Culture preservation | War (international) | Civil war | External relations (foreign relations) | Terrorism | National defense | Country-Specific Problems | Nothing/ no problems | No further reply | Other issues | Unclassifiable, inconceivable | Can't choose | Decline to answer","In your opinion, what are the most important questions facing the country that government should address?","W2",1,3,"W2:q100 | W2:q101 | W2:q102"
"Not applicable | Yes | No | Do not understand | Can't choose | Decline to answer","119_1 Personally witnessed","W2",1,3,"W2:q119_1 | W2:q119_2 | W2:q119_3"
"Once | More than once | Never | Can't choose | Decline to answer","Contacted representative of non-government/civil society organizations","W2",1,3,"W2:q83 | W2:q84 | W2:q89"
"Political parties | Residential & community associations | Religious groups | Sports/recreational clubs | Culture organizations | Charities | Public interest groups (exc.) | Labor unions | Farmer unions or agricultural associations | Professional organizations | Business association | Parent-Teacher Association or PTA | Producer cooperative | Consumer cooperative | Alumni association | Candidate support organization | Other occupational organizations (etc.) | Other volunteer organizations | Hometown associations(others) | Clan associations(others) | Not a member of any organization or group | Not applicable | No more answer","First organization","W2",1,3,"W2:q20_1 | W2:q20_2 | W2:q20_3"
"Strongly approve | Approve | Disapprove | Strongly Disapprove | Do not understand the question | Can't choose | Decline to answer","We should get rid of parliament and elections and have a strong leader decide things","W2",1,3,"W2:q124 | W2:q125 | W2:q126"
"Almost everyone is corrupt | Most officials are corrupt | Not a lot of officials are corrupt | Hardly anyone is involved | Can't choose | Decline to answer","How widespread do you think corruption and bribe-taking are in your local/municipal government?","W2",1,2,"W2:q117 | W2:q118"
"Always | Most of the time | Sometimes | Rarely | Do not understand the question | Can't choose | Decline to answer","How often do national government officials abide by the law? (HK: Hong Kong government)","W2",1,2,"W2:q113 | W2:q114"
"Missing | 1 Highly negative | 2 | 3 | 4 | 5 | 6 | 7 | 8 | 9 | 10 Highly positive | Don't understand the question | Can't choose | Decline to answer","176 The influence of the U.S. on world affairs today is negative or positive?","W5",1,2,"W5:q176 | W5:q178"
"Missing | China | Japan | India | United States | Other [please name] | Taiwan | Singapore | European Union | South Korea | China and Japan | China and India | Australia | Association of Southeast Asian Nations, ASEAN | North Korea | China and United States | Commonwealth of Independent States, CIS | US and Japan | Vietnam | Philippines | Canada | United Arab Emirates/Middle Eastern countries | Malaysia | Hong Kong | Thailand | Russia | Cambodia | Indonesia | New Zealand | Myanmar | Do not understand the question | Can't choose | Decline to answer","163 Which country has the most influence in Asia?","W4",1,2,"W4:q163 | W4:q166"
"Missing | China | Japan | India | United States | Russia | Other [please name] | Singapore | South Korea | Taiwan | China and United States | United Kingdom | Bangladesh | Brazil | Germany | Saudi Arabia | Turkey | Vietnam | Laos | North Korea | Brunei | Indonesia | Malaysia | Java | Myanmar | New Zealand | Australia | Every country is influential | Do not understand the question | Can't choose | Decline to answer","174 Which country has the most influence in Asia?","W5",1,2,"W5:q174 | W5:q179"
"Missing | Hardly anyone is involved | Not a lot of officials are corrupt | Most officials are corrupt | Almost everyone is corrupt | Can't choose | Decline to answer","q116. How widespread do you think corruption and bribe-taking are in your local/municipal government?  Would you say …?","W3",1,2,"W3:q116 | W3:q117"
"Missing | Management of the economy | Wages, incomes and salaries | Unemployment | Poverty/destitution | Rates and Taxes | Loans/credit | Farming/agriculture | Food shortage.famine | Drought | Land | Transportation | Communications | Infrastructure/roads | Education | Housing | Electricity | Water supply | Orphans/street children/homeless children | Services (other) | Health | AIDS | Sickness/disease | Crime and security | Corruption | Political violence | Political instablity/political divisions/ethnic tensions | Discrimination/inequality | Gender issues/women's rights | Democracy/political rights | War (international) | Civil war | Environment/pollution/protection | Government efficiency | Social problems general (divorce, gambiling, drugs) | Governance (leaders, unity, etc.) | Immigrants/foreign workers | Government policy, general | Inflation/price hike | Other | Restoration from the 3.11 earthquake | Measures taken against the nuclear and radiation accident and compensation for its damages | Issues concerning trade and economic agreements (TPP) | Territory Issues | Issues concerning the constitution | Issues concerning the Emperor and the Imperial family | Issues concerning the decline of birthrate and the increase of the aging population | Financial deficit | Environmental issues | National security (The right to collective self-defense / The peripheral situations around East Asia) | Issues concerning the relocation of U.S. military bases in Okinawa | Decentralization (e.g. Osaka Metropolis Plan) | Electoral reform (Reduction in Diet seats / Malapportionment) | Issues concerning pension and social security | Local Issues | Diplomacy for national security | Inter-Korea relations/North and South Korea relations | Freedom of the press | Generational conflicts | Conflict between employers and workers | Government welfare | Temporary employees | Good condition for doing business | Homosexuality | Human rights | Forest fire in Goseong area | Strong rule of law | Confidence | Job diversification | Restoration of the death penalty | Making a good country to live | Saving budget | Decrease in population/low birth rate | Reducing the nuclear power plant | Reduction the benefit for the civil servant | No problems | Do not understand the question | Can't choose | Decline to answer | Aging population | Animal welfare laws | Bicycle safety | Child abuse | Citizen's overdependence on the government | Citizen's welfare | Climate change | Community integration awareness | Continuous need for businesses to have a competitive advantage | Cost of healthcare | Covid-19 issues | CPF | Disability care | Disability inclusion | Elderly welfare | Ex-offenders aftercare | Financial transparency | Foreigners replacing locals in the workforce | Freedom of speech | Global competitiveness | Governmenet accountability | Government efficiency | Government's lack of communication | Immigration policy | Inflation | International relations | Investment transparency | Media transparency | National Solidarity | National resources | Neglected public opinion | Overwhelming foreign population | Population growth | Proper job matching | Religious freedom | Retiree's welfare | Retirement age | Rigid society | Road safety | Single mother welfare | Social graciousness | Social issues | Societal moral values | Standard of living | Town council management | Transparency in governance | Unequal distribution of wealth | Work life balance | Younger generation's welfare | Economy is dominated by other nations | Not focusing on citizens' welfare | Integrity | Not fighting for Islam and Malay | Language usage | Power abuse | Social problems in society | Poor ethics among civil servants | The power of the king | Foreign immigrants(PATI) | Society right | Poor administration | Drug abuse | Malay vigulse priviledges | Not fulfilling promise | Poor leadership quality | Racial issues | Media transparency | Uneven development and infrastructure | Religious humiliation | Policies and Laws | Environment issues | Minimum age of marriage | (Women) within this Paradigm but no clear answer | Economy, economic growth, economic development | Lack of jobs, unemployment, the need to create new jobs | Skill training | Lack of Industry, industrialization | Price rise, high fuel prices | Economic inequality, increasing gap between rich and poor | Wages/salaries/pensions/income related | Poverty, neglect of poor | Hunger, starvation, Lack of food and Nutrition | GST | Demonetization | Development (generally) | Lack of development | Good governance/good delivery of services | Poor governance/poor delivery of services | Condition of roads/highways | Transport services – buses, trains, flights | Condition of hospitals/health facilities/ healthcare/doctors | Condition of schools or colleges/education/ educational facilities/fees | Electricityrelated problem | Waterrelated problem | Condition of drains/sewerage problem | Good performance of the government | Poor performance by the government | Vote for change, change of government | Vote for stability, bringing back the government | Vote in favour of any other party or leader | Vote against any other party or leader | Vote against a coalition government | Vote for a coalition government | Vote for a candidate/any particular candidate | Corruption (generally) | Corrupt politicians | Corruption of government officers | Scams (generally) AGRICULTURE | Farmer or farming problems (generally) | Low price for crops, produce/ / Payment not on time | Lack of irrigation facilities | Rural distress/agricultural crisis | Debt due to agriculture/loan waiver | Stray cattle issue/cows eating the crop | Other agricultural problems | Any welfare scheme Government | Money from government in bank account | Housing/shelter | Religious identity/protection of my religion | Caste identity/protection of my caste | Regional/state/linguistic identity/protecting regional culture | Mob lynchings | Casteism | Communalism | Appeasement of Muslims | Terrorism | Nationalism/patriotism | Environmental degradation/protection of environment | Climate Change | Pollution/Air Quality | Wildlife protection | Women's safety/rape/sexual harassment/crimes against women | Discrimination against women | Foreign policy | Threat from China | Natural calamities - floods, drought | National Security |  (Development) within this Paradigm but no clear answer |  (Government performance) within this Paradigm but no clear answer | (Political) within this Paradigm but no clear answer | (Corruption) within this Paradigm but no clear answer | (Welfare) within this Paradigm but no clear answer | (Identity and emotive issues) within this Paradigm but no clear answer | (Environment) within this Paradigm but no clear answer | Any other issue not mentioned above | Can't choose","106a What are the most important problems facing this country that government should address(2nd response)?","W5",1,2,"W5:q106a | W5:q106b"
"Missing | Not applicable | A great deal of influence | Some influence | Not much influence | No influence at all | Do not understand the question | Can't choose | Decline to answer","181 How much influence does China have on our country?","W6",1,2,"W6:q181 | W6:q183"
"Missing | Not applicable | Always | Most of the time | Sometimes | Rarely | Not at all | Do not understand the question | Can't choose | Decline to answer","108 How often do government officials withhold important information from the public?","W6",1,2,"W6:q108 | W6:q109"
"Missing | Not applicable | Everyday | Several times a week | Once or twice a week | A few times a month | A few times a year | Practically never | Do not understand the question | Can't choose | Decline to answer","51. How often do you use the Internet or social media networks to find information about politics and government?","W4",1,2,"W4:q51 | W4:q52"
"Missing | Not applicable | Hardly anyone is involved | Not a lot of officials are corrupt | Most officials are corrupt | Almost everyone is corrupt | No one is involved | Do not understand the question | Can't choose | Decline to answer","115 How widespread do you think corruption and bribe-taking are in your local/municipal government?","W6",1,2,"W6:q115 | W6:q116"
"Missing | Not applicable | Management of the economy | Wages, incomes and salaries | Unemployment | Poverty/destitution | Rates and Taxes | Loans/credit | Farming/agriculture | Food shortage.famine | Drought | Land | Transportation | Communications | Infrastructure/roads | Education | Housing | Electricity | Water supply | Orphans/street children/homeless children | Services (other) | Health | AIDS | Sickness/disease | Crime and security | Corruption | Political violence | Political instablity/political divisions/ethnic tensions | Discrimination/inequalitry | Gender issues/women's rightrs | Democracy/political rights | War (international)/foreign affaris | Civil war | Environment/pollution/protection | Government efficiency | Social problems general (divorce, gambiling, drugs) | Governance (leaders, unity, etc.) | Immigrants/foreign workers | Government policy, general | Inflation/price hike | Other | No problems | Do not understand the question | Can't choose | Decline to answer","99a. What are the second most important problems facing this country? 2nd","W4",1,2,"W4:q99a | W4:q99b"
"Missing | Not applicable | Strongly Agree | Agree | Do not understand the question | Can’t choose | Decline to answer","156a Do you strongly agree or just agree with the chosen statement?","W6",1,2,"W6:q156a | W6:q157a"
"Missing | Not applicable | Very capable | Capable | Not capable | Not at all capable | Do not understand the question | Can't choose | Decline to answer","111 To what extent is the legislature capable of keeping government leaders in check?","W6",1,2,"W6:q111 | W6:q114"
"Missing | Not applicable | Very easy | Easy | Difficult | Very difficult | Do not understand the question | Can't choose | Decline to answer","39 How easy or difficult to obtain the roads in good condition","W6",1,2,"W6:q39 | W6:q40"
"Missing | Not applicable | Very fair | Fair | Unfair | Very unfair | Do not understand the question | Can't choose | Decline to answer","159 How fair do you think income distribution in Mongolia","W6",1,2,"W6:q159 | W6:q163"
"Missing | Very good | Good | So so (not good nor bad) | Bad | Very bad | Do not understand the question | Can't choose | Decline to answer","q1. How would you rate the overall economic condition of our country today?  Is it …","W3",1,2,"W3:q1 | W3:q4"
"Once | More than once | Never | Not applicable | Can't choose | Decline to answer","Contacted government (administrative) official","W2",1,2,"W2:q79 | W2:q85"
"Very bad | Bad | So so (not good nor bad) | Good | Very good | Can't choose | Decline to answer","How would you rate the overall economic condition of our country today?","W2",1,2,"W2:q1 | W2:q4"
